,missing_rate,auc,mse,epochs_train
0,0.0,0.6135559794542558,0.9683671802570649,
