,missing_rate,auc,mse,epochs
0,0.1,0.6260055965610121,0.9827161595937162,
